Fridge-L026a,SL32080
Fridge-L026b,SL32081
Fridge-L026c,SL32082
Fridge-L026d,SL32083
Fridge-L027a,SL32084
Fridge-L027b,SL32085
Fridge-L027c,SL32086
Fridge-L027d,SL32087
Fridge-L028a,SL32088
Fridge-L028b,SL32089
Fridge-L028c,SL32090
Fridge-L028d,SL32091
Fridge-L029a,SL32092
Fridge-L029b,SL32093
Fridge-L029c,SL32094
Fridge-L029d,SL32095
Fridge-L030a,SL32096
Fridge-L030b,SL32097
Fridge-L030c,SL32098
Fridge-L030d,SL32099
Fridge-L031a,SL32100
Fridge-L031b,SL32101
Fridge-L031c,SL32102
Fridge-L031d,SL32103
Fridge-L032a,SL32104
Fridge-L032b,SL32105
Fridge-L032c,SL32106
Fridge-L032d,SL32107
Fridge-L033a,SL32108
Fridge-L033b,SL32109
Fridge-L033c,SL32110
Fridge-L033d,SL32111
Fridge-L034a,SL32112
Fridge-L034b,SL32113
Fridge-L034c,SL32114
Fridge-L034d,SL32115
Fridge-L035a,SL32116
Fridge-L035b,SL32117
Fridge-L035c,SL32118
Fridge-L035d,SL32119
Fridge-L036a,SL32120
Fridge-L036b,SL32121
Fridge-L036c,SL32122
Fridge-L036d,SL32123
Fridge-L037a,SL32124
Fridge-L037b,SL32125
Fridge-L037c,SL32126
Fridge-L037d,SL32127
Fridge-L038a,SL32128
Fridge-L038b,SL32129
Fridge-L038c,SL32130
Fridge-L038d,SL32131
Fridge-L039a,SL32132
Fridge-L039b,SL32133
Fridge-L039c,SL32134
Fridge-L039d,SL32135
Fridge-L040a,SL32136
Fridge-L040b,SL32137
Fridge-L040c,SL32138
Fridge-L040d,SL32139
Fridge-L041a,SL32140
Fridge-L041b,SL32141
Fridge-L041c,SL32142
Fridge-L041d,SL32143
Fridge-L042a,SL32144
Fridge-L042b,SL32145
Fridge-L042c,SL32146
Fridge-L042d,SL32147
Fridge-L043a,SL32148
Fridge-L043b,SL32149
Fridge-L043c,SL32150
Fridge-L043d,SL32151
Fridge-L044a,SL32152
Fridge-L044b,SL32153
Fridge-L044c,SL32154
Fridge-L044d,SL32155
Fridge-L045a,SL32156
Fridge-L045b,SL32157
Fridge-L045c,SL32158
Fridge-L045d,SL32159
Fridge-L046a,SL32160
Fridge-L046b,SL32161
Fridge-L046c,SL32162
Fridge-L046d,SL32163
Fridge-L047a,SL32164
Fridge-L047b,SL32165
Fridge-L047c,SL32166
Fridge-L047d,SL32167
Fridge-L048a,SL32168
Fridge-L048b,SL32169
Fridge-L048c,SL32170
Fridge-L048d,SL32171
Fridge-L049a,SL32172
Fridge-L049b,SL32173
Fridge-L049c,SL32174
Fridge-L049d,SL32175
Fridge-L050a,SL32176
Fridge-L050b,SL32177
Fridge-L050c,SL32178
Fridge-L050d,SL32179
Fridge-L051a,SL32180
Fridge-L051b,SL32181
Fridge-L051c,SL32182
Fridge-L051d,SL32183
Fridge-L052a,SL32184
Fridge-L052b,SL32185
Fridge-L052c,SL32186
Fridge-L052d,SL32187
Fridge-L053a,SL32188
Fridge-L053b,SL32189
Fridge-L053c,SL32190
Fridge-L053d,SL32191
Fridge-L054a,SL32192
Fridge-L054b,SL32193
Fridge-L054c,SL32194
Fridge-L054d,SL32195
Fridge-L055a,SL32196
Fridge-L055b,SL32197
Fridge-L055c,SL32198
Fridge-L055d,SL32199
Fridge-L056a,SL32200
Fridge-L056b,SL32201
Fridge-L056c,SL32202
Fridge-L056d,SL32203
Fridge-L057a,SL32204
Fridge-L057b,SL32205
Fridge-L057c,SL32206
Fridge-L057d,SL32207
Fridge-L058a,SL32208
Fridge-L058b,SL32209
Fridge-L058c,SL32210
Fridge-L058d,SL32211
Fridge-L059a,SL32212
Fridge-L059b,SL32213
Fridge-L059c,SL32214
Fridge-L059d,SL32215
Fridge-L060a,SL32216
Fridge-L060b,SL32217
Fridge-L060c,SL32218
Fridge-L060d,SL32219
Fridge-L061a,SL32220
Fridge-L061b,SL32221
Fridge-L061c,SL32222
Fridge-L061d,SL32223
Fridge-L062a,SL32224
Fridge-L062b,SL32225
Fridge-L062c,SL32226
Fridge-L062d,SL32227
Fridge-L063a,SL32228
Fridge-L063b,SL32229
Fridge-L063c,SL32230
Fridge-L063d,SL32231
Fridge-L064a,SL32232
Fridge-L064b,SL32233
Fridge-L064c,SL32234
Fridge-L064d,SL32235
Fridge-L065a,SL32236
Fridge-L065b,SL32237
Fridge-L065c,SL32238
Fridge-L065d,SL32239
Fridge-L066a,SL32240
Fridge-L066b,SL32241
Fridge-L066c,SL32242
Fridge-L066d,SL32243
Fridge-L067a,SL32244
Fridge-L067b,SL32245
Fridge-L067c,SL32246
Fridge-L067d,SL32247
Fridge-L068a,SL32248
Fridge-L068b,SL32249
Fridge-L068c,SL32250
Fridge-L068d,SL32251
Fridge-L069a,SL32252
Fridge-L069b,SL32253
Fridge-L069c,SL32254
Fridge-L069d,SL32255
Fridge-L070a,SL32256
Fridge-L070b,SL32257
Fridge-L070c,SL32258
Fridge-L070d,SL32259
Fridge-L071a,SL32260
Fridge-L071c,SL32261
Fridge-L071b,SL32262
Fridge-L071d,SL32263
Fridge-L072a,SL32264
Fridge-L072c,SL32265
Fridge-L072b,SL32266
Fridge-L072d,SL32267
Fridge-L073a,SL32268
Fridge-L073c,SL32269
Fridge-L073b,SL32270
Fridge-L073d,SL32271
Fridge-L074a,SL32272
Fridge-L074c,SL32273
Fridge-L074b,SL32274
Fridge-L074d,SL32275
Fridge-L075a,SL32276
Fridge-L075c,SL32277
Fridge-L075b,SL32278
Fridge-L075d,SL32279
Fridge-L076a,SL32280
Fridge-L076c,SL32281
Fridge-L076b,SL32282
Fridge-L076d,SL32283
Fridge-L077a,SL32284
Fridge-L077c,SL32285
Fridge-L077b,SL32286
Fridge-L077d,SL32287
Fridge-L078a,SL32288
Fridge-L078c,SL32289
Fridge-L078b,SL32290
Fridge-L078d,SL32291
Fridge-L079a,SL32292
Fridge-L079c,SL32293
Fridge-L079b,SL32294
Fridge-L079d,SL32295
Fridge-L080a,SL32296
Fridge-L080c,SL32297
Fridge-L080b,SL32298
Fridge-L080d,SL32299
Fridge-L081a,SL32300
Fridge-L081c,SL32301
Fridge-L081b,SL32302
Fridge-L081d,SL32303
Fridge-L082a,SL32304
Fridge-L082c,SL32305
Fridge-L082b,SL32306
Fridge-L082d,SL32307
Fridge-L083a,SL32308
Fridge-L083c,SL32309
Fridge-L083b,SL32310
Fridge-L083d,SL32311
Fridge-L084a,SL32312
Fridge-L084c,SL32313
Fridge-L084b,SL32314
Fridge-L084d,SL32315
Fridge-L085a,SL32316
Fridge-L085c,SL32317
Fridge-L085b,SL32318
Fridge-L085d,SL32319
Fridge-L086a,SL32320
Fridge-L086c,SL32321
Fridge-L086b,SL32322
Fridge-L086d,SL32323
Fridge-L087a,SL32324
Fridge-L087c,SL32325
Fridge-L087b,SL32326
Fridge-L087d,SL32327
Fridge-L088a,SL32328
Fridge-L088c,SL32329
Fridge-L088b,SL32330
Fridge-L088d,SL32331
Fridge-L089a,SL32332
Fridge-L089c,SL32333
Fridge-L089b,SL32334
Fridge-L089d,SL32335
Fridge-L090a,SL32336
Fridge-L090c,SL32337
Fridge-L090b,SL32338
Fridge-L090d,SL32339
Fridge-L091a,SL32340
Fridge-L091c,SL32341
Fridge-L091b,SL32342
Fridge-L091d,SL32343
Fridge-L092a,SL32344
Fridge-L092c,SL32345
Fridge-L092b,SL32346
Fridge-L092d,SL32347
Fridge-L093a,SL32348
Fridge-L093c,SL32349
Fridge-L093b,SL32350
Fridge-L093d,SL32351
Fridge-L094a,SL32352
Fridge-L094c,SL32353
Fridge-L094b,SL32354
Fridge-L094d,SL32355
Fridge-L095a,SL32356
Fridge-L095c,SL32357
Fridge-L095b,SL32358
Fridge-L095d,SL32359
Fridge-L096a,SL32360
Fridge-L096c,SL32361
Fridge-L096b,SL32362
Fridge-L096d,SL32363
Fridge-L097a,SL32364
Fridge-L097c,SL32365
Fridge-L097b,SL32366
Fridge-L097d,SL32367
Fridge-L098a,SL32368
Fridge-L098c,SL32369
Fridge-L098b,SL32370
Fridge-L098d,SL32371
Fridge-L099a,SL32372
Fridge-L099c,SL32373
Fridge-L099b,SL32374
Fridge-L099d,SL32375
Fridge-L100a,SL32376
Fridge-L100c,SL32377
Fridge-L100b,SL32378
Fridge-L100d,SL32379
Freezer-L001a,SL32380
Freezer-L001b,SL32381
Freezer-L001c,SL32382
Freezer-L001d,SL32383
Freezer-L002a,SL32384
Freezer-L002b,SL32385
Freezer-L002c,SL32386
Freezer-L002d,SL32387
Freezer-L003a,SL32388
Freezer-L003b,SL32389
Freezer-L003c,SL32390
Freezer-L003d,SL32391
Freezer-L004a,SL32392
Freezer-L004b,SL32393
Freezer-L004c,SL32394
Freezer-L004d,SL32395
Freezer-L005a,SL32396
Freezer-L005b,SL32397
Freezer-L005c,SL32398
Freezer-L005d,SL32399
Freezer-L006a,SL32400
Freezer-L006b,SL32401
Freezer-L006c,SL32402
Freezer-L006d,SL32403
Freezer-L007a,SL32404
Freezer-L007b,SL32405
Freezer-L007c,SL32406
Freezer-L007d,SL32407
Freezer-L008a,SL32408
Freezer-L008b,SL32409
Freezer-L008c,SL32410
Freezer-L008d,SL32411
Freezer-L009a,SL32412
Freezer-L009b,SL32413
Freezer-L009c,SL32414
Freezer-L009d,SL32415
Freezer-L010a,SL32416
Freezer-L010b,SL32417
Freezer-L010c,SL32418
Freezer-L010d,SL32419
Freezer-L011a,SL32420
Freezer-L011b,SL32421
Freezer-L011c,SL32422
Freezer-L011d,SL32423
Freezer-L012a,SL32424
Freezer-L012b,SL32425
Freezer-L012c,SL32426
Freezer-L012d,SL32427
Freezer-L013a,SL32428
Freezer-L013b,SL32429
Freezer-L013c,SL32430
Freezer-L013d,SL32431
Freezer-L014a,SL32432
Freezer-L014b,SL32433
Freezer-L014c,SL32434
Freezer-L014d,SL32435
Freezer-L015a,SL32436
Freezer-L015b,SL32437
Freezer-L015c,SL32438
Freezer-L015d,SL32439
Freezer-L016a,SL32440
Freezer-L016b,SL32441
Freezer-L016c,SL32442
Freezer-L016d,SL32443
Freezer-L017a,SL32444
Freezer-L017b,SL32445
Freezer-L017c,SL32446
Freezer-L017d,SL32447
Freezer-L018a,SL32448
Freezer-L018b,SL32449
Freezer-L018c,SL32450
Freezer-L018d,SL32451
